[
    {
        "firstname"  : "Ming",
        "lastname"   : "Li",
        "description": "Hello, je suis UX designer !",
        "photo"      : "1.jpg"
    },
    {
        "firstname"  : "Romain",
        "lastname"   : "Bruart",
        "description": "Salut, moi je suis dev !",
        "photo"      : "2.jpg"
    },
    {
        "firstname"  : "Caroline",
        "lastname"   : "Durant",
        "description": "Hey, moi je m'occupe des relations client et marketing.",
        "photo"      : "3.jpg"
    },
    {
        "firstname"  : "Julien",
        "lastname"   : "Amigem",
        "description": "Bonjour, je fais principalement du webdesign",
        "photo"      : "4.jpg"
    },
    {
        "firstname"  : "Rémy",
        "lastname"   : "Pernot",
        "description": "Hello, I'm in charge of the international business!",
        "photo"      : "5.jpg"
    }
]